lx,job,address,time,gz,company,ctype,like,zw,yq,xueli,xinxi
,Java开发工程师,北京・翠苑,09:20发布,10k-15k,后端开发,燃灯教育科技有限公司/ D轮及以上 / 150-500人,"“核心业务线,高并发,多线程,技术大牛”",负责日常开发工作，包括产品的功能设计、需求讨论、代码实现等工作,1.优秀的沟通能力、学习意愿强，积极的工作及生活态度;2.熟悉dubbo/kafka/zookeeper/redis优先考虑;3.熟悉Spring/Spring MVC/Mybatis/JSP/Ajax/HTML5等Web开发技术, / 本科,拉钩网
,c++,杭州・古荡,8:10发布,8k-15k,后端开发,博华自动化系统工程有限公司,"“弹性工作,周末双休”", 1.参与途虎养车基础架构和业务逻辑模块的日常开发;2.维护底层架构稳定性。与前端开发人员紧密配合，确认调用接口，保证功能的完整;3.保证代码质量和执行效率，保持平台的稳定性。   ,1.计算机、应用数学及相关专业本科学历，对前端开发有一定的了解；2.逻辑清晰，有条理，细心，善于沟通；3.熟悉JAVA语言，并有一定的数据结构基础；4.熟悉至少一门脚本语言者优先；, / 本科,拉钩网
,Java开发工程师（2018届毕业生）,北京・思明区,2:10发布,5k-7k,后端开发,博华自动化系统工程有限公司,"“领导好,五险一金,15薪,弹性时间”",1、负责与团队一起进行Java设计开发工作；2、对已有的产品功能模块进行升级和维护。,1、精通Java语言，熟悉面向对象设计方法和常用设计模式；2、熟悉核心技术和框架 (包括JVM/JNI/NIO/多线程/TCP/IP网络编程等)；3、具有较强的责任心，参与独立系统的设计、开发、维护工作；, / 本科,拉钩网
定期体检,PHH,北京・朝阳区,10:36发布,10k-15k,后端开发,尚软科技有限公司 ,"“丰盛午餐,核心业务,大牛领导,团建活动”",1、负责与团队一起进行Java设计开发工作；2、对已有的产品功能模块进行升级和维护。,1、熟悉核心技术和框架 (包括JVM/JNI/NIO/多线程/TCP/IP网络编程等)；2、具有较强的责任心，参与独立系统的设计、开发、维护工作；3、关注新技术，有较强的学习能力，逻辑性强，乐于挑战，有激情。, / 本科,拉钩网
,数据挖掘,广州・大新,10:13发布,6k-8k,后端开发,燃灯教育科技有限公司/ D轮及以上 / 150-500人,"“有大牛,周末双休,团队活跃,地铁上盖”",1、负责与团队一起进行Java设计开发工作；2、对已有的产品功能模块进行升级和维护。,1、熟悉核心技术和框架 (包括JVM/JNI/NIO/多线程/TCP/IP网络编程等)；2、具有较强的责任心，参与独立系统的设计、开发、维护工作；3、关注新技术，有较强的学习能力，逻辑性强，乐于挑战，有激情。, / 本科,拉钩网
服务器端,数据挖掘,上海・张江,10:36发布,10k-20k,后端开发,易谷网络科技股份有限公司,"“核心产品,六险一金,上市公司,周末双休”",1、面向金融客户，提供专业的页面开发、功能开发、接口开发服务，以信息技术推动金融进步；2、按产品需求进行软件设计和编码实现，确保安全、质量和性能；3、参与内部测试、部署、实施等工作；,1.本科（含）以上学历，计算机、软件、信息与计算科学及相关专业；2.熟练掌握Java，对Spring有深入理解;3.熟练掌握MySQL等常用数据库，有Redis、neo4j等经验者优先；4.熟悉Maven、Git等项目配置、代码管理工具。, / 本科,拉钩网
年底双薪,c++,北京・朝外,13:10发布,6k-12k,后端开发,尚软科技有限公司 ,"“数据结构,架构设计”",1、面向金融客户，提供专业的页面开发、功能开发、接口开发服务，以信息技术推动金融进步；2、按产品需求进行软件设计和编码实现，确保安全、质量和性能；3、参与内部测试、部署、实施等工作；,1.本科（含）以上学历，计算机、软件、信息与计算科学及相关专业；2.熟练掌握Java，对Spring有深入理解；3.熟练掌握MySQL等常用数据库，有Redis、neo4j等经验者优先, / 本科,拉钩网
Javascript,c++,郑州・高新区,09:20发布,8k-15k,后端开发,尚软科技有限公司 ,"“扁平化管理,六险两金,Geek,福利齐全”",1、面向金融客户，提供专业的页面开发、功能开发、接口开发服务，以信息技术推动金融进步；2、按产品需求进行软件设计和编码实现，确保安全、质量和性能；3、参与内部测试、部署、实施等工作；,1、熟悉核心技术和框架 (包括JVM/JNI/NIO/多线程/TCP/IP网络编程等)；2、具有较强的责任心，参与独立系统的设计、开发、维护工作；3、关注新技术，有较强的学习能力，逻辑性强，乐于挑战，有激情。, / 本科,拉钩网
,PHH,重庆・渝北区,2:10发布,6k-10k,后端开发,燃灯教育科技有限公司/ D轮及以上 / 150-500人,"“JAVA,软件开发,开发工程师”",1、负责与团队一起进行Java设计开发工作；2、对已有的产品功能模块进行升级和维护。,1、熟悉核心技术和框架 (包括JVM/JNI/NIO/多线程/TCP/IP网络编程等)；2、具有较强的责任心，参与独立系统的设计、开发、维护工作；3、关注新技术，有较强的学习能力，逻辑性强，乐于挑战，有激情。, / 本科,拉钩网
后端,java开发工程师（2019校招）,南山区,09:15发布,10k-36k,后端开发,尚软科技有限公司 ,"“双休,包早餐,五险一金,加班晚餐”",1、面向金融客户，提供专业的页面开发、功能开发、接口开发服务，以信息技术推动金融进步；2、按产品需求进行软件设计和编码实现，确保安全、质量和性能；,1、熟悉核心技术和框架 (包括JVM/JNI/NIO/多线程/TCP/IP网络编程等)；2、具有较强的责任心，参与独立系统的设计、开发、维护工作；3、关注新技术，有较强的学习能力，逻辑性强，乐于挑战，有激情。, / 本科,前程无忧
移动互联网,java助理工程师,龙华新区,10:30发布,10k-37k,后端开发,博华自动化系统工程有限公司,"“专业性强,成长空间大,技术氛围好,员工旅游”",1.根据需求，编写相关文档，完成项目的设计方案，系统架构和数据库设计； 2.编写项目核心代码，解决团队成员开发中遇到的问题，不断进行系统优化；3.熟练掌握JavaScript，熟悉HTML5/XML/JSON前端开发技术，熟悉DIV CSS布局；,1、精通Java语言，熟悉面向对象设计方法和常用设计模式；2、熟悉核心技术和框架 (包括JVM/JNI/NIO/多线程/TCP/IP网络编程等)；3、具有较强的责任心，参与独立系统的设计、开发、维护工作；, / 本科,前程无忧
后端,Java开发实习生（面向2019届毕业生）,科技园,10:36发布,10k-38k,后端开发,"移动互联网,金融 / C轮 / 500-2000人","“互联网公司,氛围好,成长空间大,导师制”",1.根据需求，编写相关文档，完成项目的设计方案，系统架构和数据库设计； 2.编写项目核心代码，解决团队成员开发中遇到的问题，不断进行系统优化；3.熟练掌握JavaScript，熟悉HTML5/XML/JSON前端开发技术，熟悉DIV CSS布局；,1. 本科及以上学历，有Java开发实习经验者优先；2. 熟悉使用SpringMVC，Mybatis，git；3. 有RESTFul API，RPC，Thrift相关开发经验的优先；4. 有良好的编程习惯和创新思维，能够承受较强的工作压力和强度，具备较强的工作责任心；, / 本科,前程无忧
后端,Java实习生,"深圳,南山区",2天前发布,10k-41k,后端开发,燃灯教育科技有限公司/ D轮及以上 / 150-500人,"“周末双休,弹性工作制”",1、面向金融客户，提供专业的页面开发、功能开发、接口开发服务，以信息技术推动金融进步；2、按产品需求进行软件设计和编码实现，确保安全、质量和性能；3、参与内部测试、部署、实施等工作；,, / 本科,拉勾网
五险一金,Java开发工程师（校园招聘）,"深圳,南山区",2天前发布,10k-42k,后端开发,易谷网络科技股份有限公司,"“绩效奖金,弹性工作,五险一金”",1.根据需求，编写相关文档，完成项目的设计方案，系统架构和数据库设计； 2.编写项目核心代码，解决团队成员开发中遇到的问题，不断进行系统优化；3.熟练掌握JavaScript，熟悉HTML5/XML/JSON前端开发技术，熟悉DIV CSS布局；,1.2019年应届毕业生，本科及以上学历，计算机以及相关专业优先；2.精通java，熟练掌握HTML/CSS/Javascript，熟悉W3C标准，对主流的互联网网站及后台架构有一定了解；3.有一定windows、linux/unix环境下项目研发经验，熟悉python/shell/perl中至少一种脚本语言优先；, / 本科,拉勾网
Hadoop,JAVA开发工程师（数据爬取方向）,"深圳,科技园",2天前发布,10k-43k,后端开发,易谷网络科技股份有限公司,"“五险一金,大小周,包午餐,技术交流”",1、参与概要设计、对应的核心技术讨论，根据自身经验能够提出有益建议与方案，能发现设计中存在的问题；2、承担模块设计和编码，能够很好的解决开发过程中遇到的问题。,1.2019年应届毕业生，本科及以上学历，计算机以及相关专业优先；2.精通java，熟练掌握HTML/CSS/Javascript，熟悉W3C标准，对主流的互联网网站及后台架构有一定了解；3.有一定windows、linux/unix环境下项目研发经验，熟悉python/shell/perl中至少一种脚本语言优先；, / 本科,拉勾网
后端,Java开发实习生,"深圳,前海",3天前发布,10k-44k,后端开发,博华自动化系统工程有限公司,"“上市公司,一对一导师,高迸发”",1.根据需求，编写相关文档，完成项目的设计方案，系统架构和数据库设计； 2.编写项目核心代码，解决团队成员开发中遇到的问题，不断进行系统优化；3.熟练掌握JavaScript，熟悉HTML5/XML/JSON前端开发技术，熟悉DIV CSS布局；,, / 本科,拉勾网
J2EE,Java 程序员,"深圳,大新",16:16发布,10k-45k,后端开发,博华自动化系统工程有限公司,"“有大牛,周末双休,团队活跃,地铁上盖”",1、面向金融客户，提供专业的页面开发、功能开发、接口开发服务，以信息技术推动金融进步；2、按产品需求进行软件设计和编码实现，确保安全、质量和性能；,, / 本科,拉勾网
Javascript,Java工程师（2019届）,"广州,天河区",17:10发布,10k-46k,后端开发,燃灯教育科技有限公司/ D轮及以上 / 150-500人,"“氛围上进,Java高,重视成长,技术求极致”",1.根据需求，编写相关文档，完成项目的设计方案，系统架构和数据库设计； 2.编写项目核心代码，解决团队成员开发中遇到的问题，不断进行系统优化；3.熟练掌握JavaScript，熟悉HTML5/XML/JSON前端开发技术，熟悉DIV CSS布局；,1、3-5年以上Java开发经验，熟悉常用的Java开源框架；2、熟悉Java系统的故障排查和性能调优技能，具备系统分析及设计能力；3、熟悉MongoDB 、MySQL、Redis等，对数据库有较强的设计能力；, / 本科,拉勾网
游戏,Java开发工程师,"广州,车陂",15:46发布,10k-47k,后端开发,"移动互联网,企业服务 / 不需要融资 / 15-50人","“学习氛围好,扁平化管理,弹性上下班,期权奖励”",1. 负责面向app开发者的相关核心产品的开发和维护工作；2. 协助各部门解决相关的技术问题；3. 负责服务端的功能，性能，交互优化和改进；,1.本科（含）以上学历，计算机、软件、信息与计算科学及相关专业；2.熟练掌握Java，对Spring有深入理解；3.熟练掌握MySQL等常用数据库，有Redis、neo4j等经验者优先；4.熟悉Maven、Git等项目配置、代码管理工具。, / 本科,拉勾网
带薪年假,JAVA开发工程师,"广州,大沙",2天前发布,10k-48k,后端开发,博华自动化系统工程有限公司,"“专项培训,有机午餐,氛围轻松,别墅办公”",1. 2019届全日制本科及以上毕业生，并获得相应学位；2.计算机/软件工程相关专业，学习成绩优异；3.具有一定实习、项目经验，熟悉Java开发基础语法，常见的排序算法，对oracle/mysql等数据库的基本操作有所了解；,1. 本科及以上学历，有Java开发实习经验者优先；2. 熟悉使用SpringMVC，Mybatis，git；3. 有RESTFul API，RPC，Thrift相关开发经验的优先；4. 有良好的编程习惯和创新思维，能够承受较强的工作压力和强度，具备较强的工作责任心；, / 本科,拉勾网
教育,Java开发实习生,"广州,员村",15:02发布,10k-49k,后端开发,尚软科技有限公司 ,"“转正机会,BAT队友,行业前景,优秀团队”",1、面向金融客户，提供专业的页面开发、功能开发、接口开发服务，以信息技术推动金融进步；2、按产品需求进行软件设计和编码实现，确保安全、质量和性能；,1. 本科及以上学历，有Java开发实习经验者优先；2. 熟悉使用SpringMVC，Mybatis，git；3. 有RESTFul API，RPC，Thrift相关开发经验的优先；4. 有良好的编程习惯和创新思维，能够承受较强的工作压力和强度，具备较强的工作责任心；, / 本科,拉勾网
移动互联网,JAVA开发工程师（2019应届生，广州）,"广州,海珠区",3天前发布,10k-50k,后端开发,博华自动化系统工程有限公司,"“公司规模大,千万级用户”",1、面向金融客户，提供专业的页面开发、功能开发、接口开发服务，以信息技术推动金融进步；2、按产品需求进行软件设计和编码实现，确保安全、质量和性能；3、参与内部测试、部署、实施等工作；,1. 本科及以上学历，有Java开发实习经验者优先；2. 熟悉使用SpringMVC，Mybatis，git；3. 有RESTFul API，RPC，Thrift相关开发经验的优先；4. 有良好的编程习惯和创新思维，能够承受较强的工作压力和强度，具备较强的工作责任心；, / 本科,拉勾网
大数据,JAVA开发工程师（2019届毕业生）,"广州,海珠区",2天前发布,10k-53k,后端开发,燃灯教育科技有限公司/ D轮及以上 / 150-500人,"“周末双休,六险一金,福利多多,办公环境好”",1. 负责面向app开发者的相关核心产品的开发和维护工作；2. 协助各部门解决相关的技术问题；3. 负责服务端的功能，性能，交互优化和改进；,1、3-5年以上Java开发经验，熟悉常用的Java开源框架；2、熟悉Java系统的故障排查和性能调优技能，具备系统分析及设计能力；3、熟悉MongoDB 、MySQL、Redis等，对数据库有较强的设计能力；, / 本科,拉勾网
J2EE,急聘！！！Java初级开发工程师,"广州,天河区",09:46发布,10k-54k,后端开发,博华自动化系统工程有限公司,"“福利制度全,发展空间大,逗比同事,BOSS好”",1.根据需求，编写相关文档，完成项目的设计方案，系统架构和数据库设计； 2.编写项目核心代码，解决团队成员开发中遇到的问题，不断进行系统优化；3.熟练掌握JavaScript，熟悉HTML5/XML/JSON前端开发技术，熟悉DIV CSS布局；,, / 本科,拉勾网
Javascript,JAVA开发工程师,"广州,天河城",2天前发布,10k-55k,后端开发,易谷网络科技股份有限公司,"“实力雄厚支,五险一金,年终奖金”",1、面向金融客户，提供专业的页面开发、功能开发、接口开发服务，以信息技术推动金融进步；2、按产品需求进行软件设计和编码实现，确保安全、质量和性能；,, / 本科,拉勾网
后端,JAVA开发工程师,"深圳,冼村",2天前发布,10k-56k,后端开发,易谷网络科技股份有限公司,"“五险一金,节假日福利,带薪年假,年终奖金”",1. 2019届全日制本科及以上毕业生，并获得相应学位；2.计算机/软件工程相关专业，学习成绩优异；3.具有一定实习、项目经验，熟悉Java开发基础语法，常见的排序算法，对oracle/mysql等数据库的基本操作有所了解；,1. 本科及以上学历，有Java开发实习经验者优先；2. 熟悉使用SpringMVC，Mybatis，git；3. 有RESTFul API，RPC，Thrift相关开发经验的优先；4. 有良好的编程习惯和创新思维，能够承受较强的工作压力和强度，具备较强的工作责任心；, / 本科,大街网
移动互联网,Java开发工程师,"深圳,冼村石牌",10:47发布,10k-57k,后端开发,嘉配科技有限公司,"“五险一金,交通便利,周末双休,福利好”",1. 2019届全日制本科及以上毕业生，并获得相应学位；2.计算机/软件工程相关专业，学习成绩优异；3.具有一定实习、项目经验，熟悉Java开发基础语法，常见的排序算法，对oracle/mysql等数据库的基本操作有所了解；,1.2019年应届毕业生，本科及以上学历，计算机以及相关专业优先；2.精通java，熟练掌握HTML/CSS/Javascript，熟悉W3C标准，对主流的互联网网站及后台架构有一定了解；3.有一定windows、linux/unix环境下项目研发经验，熟悉python/shell/perl中至少一种脚本语言优先；, / 本科,大街网
移动互联网,车联网Java后台工程师,"深圳,冼村天河区",2天前发布,10k-58k,后端开发,燃灯教育科技有限公司/ D轮及以上 / 150-500人,“前景好”,1、面向金融客户，提供专业的页面开发、功能开发、接口开发服务，以信息技术推动金融进步；2、按产品需求进行软件设计和编码实现，确保安全、质量和性能；3、参与内部测试、部署、实施等工作；,1.2019年应届毕业生，本科及以上学历，计算机以及相关专业优先；2.精通java，熟练掌握HTML/CSS/Javascript，熟悉W3C标准，对主流的互联网网站及后台架构有一定了解；3.有一定windows、linux/unix环境下项目研发经验，熟悉python/shell/perl中至少一种脚本语言优先；, / 本科,大街网
电商,ios,"深圳,冼村工业大道",12:01发布,10k-59k,移动开发,嘉配科技有限公司,"“八险一金,带薪年假,周末双休,晋升培训”",1、参与概要设计、对应的核心技术讨论，根据自身经验能够提出有益建议与方案，能发现设计中存在的问题；2、承担模块设计和编码，能够很好的解决开发过程中遇到的问题。,1.2019年应届毕业生，本科及以上学历，计算机以及相关专业优先；2.精通java，熟练掌握HTML/CSS/Javascript，熟悉W3C标准，对主流的互联网网站及后台架构有一定了解；3.有一定windows、linux/unix环境下项目研发经验，熟悉python/shell/perl中至少一种脚本语言优先；, / 本科,大街网
游戏,Android,深圳・南油,10:53发布,7k-10k,移动开发,博华自动化系统工程有限公司,"“六险一金,鹅厂大神,高配团队,海外手游”",1、负责公司手游平台SDK设计与开发工作;2、根据研发规范和项目流程编写SDK相关的技术和说明文档；3、负责手游SDK对接接入跟进、SDK适配和优化升级等工作；,1、熟悉Java语言，有良好的编码习惯，具有一定的移动端架构能力；2、熟悉Android平台开发，对UI开发以及多线程、网络、数据存储等较为熟悉；3、熟悉常见的第三方开源项目及其实现；4、熟悉Android Studio开发、亦可解决仍使用Eclipse/ADT开发的工程的问题；, / 本科,大街网
移动端,Android开发工程师（2019校招）,广州・天河区,18:58发布,8k-12k,移动开发,嘉配科技有限公司,“五险一金，专业培训，晋升快，年终奖”,1、负责公司手游平台SDK设计与开发工作;2、根据研发规范和项目流程编写SDK相关的技术和说明文档；3、负责手游SDK对接接入跟进、SDK适配和优化升级等工作；,1、熟悉Java语言，有良好的编码习惯，具有一定的移动端架构能力；2、熟悉Android平台开发，对UI开发以及多线程、网络、数据存储等较为熟悉；3、熟悉常见的第三方开源项目及其实现；4、熟悉Android Studio开发、亦可解决仍使用Eclipse/ADT开发的工程的问题；, / 本科,大街网
移动端,HTML5,上海・徐汇区,07:33发布,8k-16k,移动开发,燃灯教育科技有限公司/ D轮及以上 / 150-500人,"“技术大牛多,团队氛围好,培训体系优,晋升空间大”",1、负责公司手游平台SDK设计与开发工作;2、根据研发规范和项目流程编写SDK相关的技术和说明文档；3、负责手游SDK对接接入跟进、SDK适配和优化升级等工作；,1、熟悉Java语言，有良好的编码习惯，具有一定的移动端架构能力；2、熟悉Android平台开发，对UI开发以及多线程、网络、数据存储等较为熟悉；3、熟悉常见的第三方开源项目及其实现；4、熟悉Android Studio开发、亦可解决仍使用Eclipse/ADT开发的工程的问题；, / 本科,大街网
Javascript,ios,北京・望京,09:58发布,18K-20K,移动开发,"移动互联网,社交网络 / A轮 / 15-50人","“牛人带领,免费零食,定期旅游,五险一金”",1、负责公司手游平台SDK设计与开发工作;2、根据研发规范和项目流程编写SDK相关的技术和说明文档；3、负责手游SDK对接接入跟进、SDK适配和优化升级等工作；,1、熟悉Java语言，有良好的编码习惯，具有一定的移动端架构能力；2、熟悉Android平台开发，对UI开发以及多线程、网络、数据存储等较为熟悉；3、熟悉常见的第三方开源项目及其实现；4、熟悉Android Studio开发、亦可解决仍使用Eclipse/ADT开发的工程的问题；, / 本科,大街网
股票期权,Android开发工程师,广州・车陂,15:46发布,5k-10k,移动开发,嘉配科技有限公司,"“扁平化管理,期权奖励,学习氛围,弹性工作”",1、参与Android和IOS项目的设计、开发， 优化APP的模块结构、流程、逻辑、性能；2、遵守开发流程，确保分派的任务高质量按时交付；3、熟悉跨平台开发，有过相关方面的项目经验优先；,1、本科及以上学历，计算机相关专业；2、有3年或以上Android和IOS产品开发经验者优先；3、有扎实的java语言基础，掌握常见的数据结构和算法；, / 本科,大街网
Android,HTML5开发工程师,广州・海珠区,3天前发布,6k-10k,移动开发,易谷网络科技股份有限公司,"“培训,周末双休,优秀平台,包餐”",1、参与Android和IOS项目的设计、开发， 优化APP的模块结构、流程、逻辑、性能；2、遵守开发流程，确保分派的任务高质量按时交付；3、熟悉跨平台开发，有过相关方面的项目经验优先；,1、本科及以上学历，计算机相关专业；2、有3年或以上Android和IOS产品开发经验者优先；3、有扎实的java语言基础，掌握常见的数据结构和算法；, / 本科,大街网
游戏,ios,广州・林和,2天前发布,7k-10k,移动开发,燃灯教育科技有限公司/ D轮及以上 / 150-500人,"“六险一金,14薪,双休,成长空间大”",1、参与Android和IOS项目的设计、开发， 优化APP的模块结构、流程、逻辑、性能；2、遵守开发流程，确保分派的任务高质量按时交付；3、熟悉跨平台开发，有过相关方面的项目经验优先；,1、本科及以上学历，计算机相关专业；2、有3年或以上Android和IOS产品开发经验者优先；3、有扎实的java语言基础，掌握常见的数据结构和算法；, / 本科,大街网
移动端,Android开发工程师-上海创新业务,上海・徐汇区,15:44发布,20k-30k,移动开发,"移动互联网,数据服务 / C轮 / 2000人以上",“免费三餐，租房补贴，休闲下午茶”,1、负责公司手游平台SDK设计与开发工作;2、根据研发规范和项目流程编写SDK相关的技术和说明文档；3、负责手游SDK对接接入跟进、SDK适配和优化升级等工作；,1、熟悉Java语言，有良好的编码习惯，具有一定的移动端架构能力；2、熟悉Android平台开发，对UI开发以及多线程、网络、数据存储等较为熟悉；3、熟悉常见的第三方开源项目及其实现；4、熟悉Android Studio开发、亦可解决仍使用Eclipse/ADT开发的工程的问题；, / 本科,大街网
移动端,校招Android开发工程师（北京）,中关村,11:05发布,10k-16k,移动开发,嘉配科技有限公司,"“大平台,福利好”",1、参与Android和IOS项目的设计、开发， 优化APP的模块结构、流程、逻辑、性能；2、遵守开发流程，确保分派的任务高质量按时交付；3、熟悉跨平台开发，有过相关方面的项目经验优先；,1、本科及以上学历，计算机相关专业；2、有3年或以上Android和IOS产品开发经验者优先；3、有扎实的java语言基础，掌握常见的数据结构和算法；, / 本科,前程无忧
移动端,Android开发工程师（校招）,西北旺,1天前发布,8k-15k,移动开发,尚软科技有限公司 ,"“公司前景好,福利待遇佳,团队氛围好,牛人大咖多”",1、根据项目需求，进行应用软件程序设计及开发维护工作；2、参与讨论软件模块功能、操作流程及界面布局等客户端设计；3、根据需求和分配的工作，完成程序的编码、调试、配置等工作。,"1、熟练使用Eclipse、Android SDK等开发工具,熟悉SDK制作；2、熟练掌握Android的API，理解Android的体系结构，掌握Android中界面绘制、后台运行、数据存储等的原理，熟悉XML、HTTP、TCP/IP协议,熟悉Android UI设计及网络传输；3、熟悉Java程序设计、Socket网络编程、面向对象化编程思想和设计模式；4、熟悉Android各个版本的特点、机型的适配、UI布局优化等；", / 本科,前程无忧
技能培训,Android开发实习生,朝阳区,3天前发布,8k-12k,移动开发,尚软科技有限公司 ,"“技术大牛多,福利待遇好”",1、根据项目需求，进行应用软件程序设计及开发维护工作；2、参与讨论软件模块功能、操作流程及界面布局等客户端设计；3、根据需求和分配的工作，完成程序的编码、调试、配置等工作。,"1、熟练使用Eclipse、Android SDK等开发工具,熟悉SDK制作；2、熟练掌握Android的API，理解Android的体系结构，掌握Android中界面绘制、后台运行、数据存储等的原理，熟悉XML、HTTP、TCP/IP协议,熟悉Android UI设计及网络传输；3、熟悉Java程序设计、Socket网络编程、面向对象化编程思想和设计模式；4、熟悉Android各个版本的特点、机型的适配、UI布局优化等；", / 本科,前程无忧
C++,Android开发工程师,"广州,天河公园",1天前发布,13k-25k,移动开发,巴菲尔生物技术服务有限公司,"“一对一导师,免费下午茶,S级薪酬”",1、参与Android和IOS项目的设计、开发， 优化APP的模块结构、流程、逻辑、性能；2、遵守开发流程，确保分派的任务高质量按时交付；3、熟悉跨平台开发，有过相关方面的项目经验优先；,1、本科及以上学历，计算机相关专业；2、有3年或以上Android和IOS产品开发经验者优先；3、有扎实的java语言基础，掌握常见的数据结构和算法；, / 本科,拉钩网
工具软件,安卓软件工程师,"广州,天河城",10:13发布,10k-20k,移动开发,巴菲尔生物技术服务有限公司,“创业公司区块链项目”,1、参与Android和IOS项目的设计、开发， 优化APP的模块结构、流程、逻辑、性能；2、遵守开发流程，确保分派的任务高质量按时交付；3、熟悉跨平台开发，有过相关方面的项目经验优先；,1、本科及以上学历，计算机相关专业；2、有3年或以上Android和IOS产品开发经验者优先；3、有扎实的java语言基础，掌握常见的数据结构和算法；, / 本科,拉钩网
技能培训,Android开发工程师-2019年校招,"广州,珠江新城",10:40发布,8k-10k,移动开发,嘉配科技有限公司,"“大牛多,成长快,包早午餐,周末双休”",1、负责公司手游平台SDK设计与开发工作;2、根据研发规范和项目流程编写SDK相关的技术和说明文档；3、负责手游SDK对接接入跟进、SDK适配和优化升级等工作；,1、熟悉Java语言，有良好的编码习惯，具有一定的移动端架构能力；2、熟悉Android平台开发，对UI开发以及多线程、网络、数据存储等较为熟悉；3、熟悉常见的第三方开源项目及其实现；4、熟悉Android Studio开发、亦可解决仍使用Eclipse/ADT开发的工程的问题；, / 本科,拉钩网
游戏,Android,"广州,南油",10:53发布,7k-10k,移动开发,燃灯教育科技有限公司/ D轮及以上 / 150-500人,"“六险一金,鹅厂大神,高配团队,海外手游”",1、负责公司手游平台SDK设计与开发工作;2、根据研发规范和项目流程编写SDK相关的技术和说明文档；3、负责手游SDK对接接入跟进、SDK适配和优化升级等工作；,1、熟悉Java语言，有良好的编码习惯，具有一定的移动端架构能力；2、熟悉Android平台开发，对UI开发以及多线程、网络、数据存储等较为熟悉；3、熟悉常见的第三方开源项目及其实现；4、熟悉Android Studio开发、亦可解决仍使用Eclipse/ADT开发的工程的问题；, / 本科,拉钩网
金融,Android研发工程师,深圳湾,18:33发布,12k-16k,移动开发,嘉配科技有限公司,"“五险一金,团队出游,带薪年假,零食下午茶”",1、参与Android和IOS项目的设计、开发， 优化APP的模块结构、流程、逻辑、性能；2、遵守开发流程，确保分派的任务高质量按时交付；3、熟悉跨平台开发，有过相关方面的项目经验优先；,1、本科及以上学历，计算机相关专业；2、有3年或以上Android和IOS产品开发经验者优先；3、有扎实的java语言基础，掌握常见的数据结构和算法；, / 本科,拉钩网
前端开发,校招Android开发工程师（深圳）,白石洲,11:05发布,10k-16k,移动开发,易谷网络科技股份有限公司,"“大平台,福利好”",1、负责公司手游平台SDK设计与开发工作;2、根据研发规范和项目流程编写SDK相关的技术和说明文档；3、负责手游SDK对接接入跟进、SDK适配和优化升级等工作；,1、熟悉Java语言，有良好的编码习惯，具有一定的移动端架构能力；2、熟悉Android平台开发，对UI开发以及多线程、网络、数据存储等较为熟悉；3、熟悉常见的第三方开源项目及其实现；4、熟悉Android Studio开发、亦可解决仍使用Eclipse/ADT开发的工程的问题；, / 本科,拉钩网
互联网金融,Android技术经理,香蜜湖,09:49发布,25k-40k,移动开发,"移动互联网,金融 / 上市公司 / 150-500人",“上市公司 福利好 弹性工作制 发展空间大”,1、负责公司手游平台SDK设计与开发工作;2、根据研发规范和项目流程编写SDK相关的技术和说明文档；3、负责手游SDK对接接入跟进、SDK适配和优化升级等工作；,1、熟悉Java语言，有良好的编码习惯，具有一定的移动端架构能力；2、熟悉Android平台开发，对UI开发以及多线程、网络、数据存储等较为熟悉；3、熟悉常见的第三方开源项目及其实现；4、熟悉Android Studio开发、亦可解决仍使用Eclipse/ADT开发的工程的问题；, / 本科,拉钩网
移动端,Android开发工程师,深圳湾,17:45发布,15k-20k,移动开发,"移动互联网,金融 / 未融资 / 50-150人","“五险一金,大小周,带薪年假,年底双薪”",1、参与Android和IOS项目的设计、开发， 优化APP的模块结构、流程、逻辑、性能；2、遵守开发流程，确保分派的任务高质量按时交付；3、熟悉跨平台开发，有过相关方面的项目经验优先；,1、本科及以上学历，计算机相关专业；2、有3年或以上Android和IOS产品开发经验者优先；3、有扎实的java语言基础，掌握常见的数据结构和算法；, / 本科,前程无忧
金融,Android开发工程师,深圳湾,17:45发布,12k-16k,移动开发,"金融,数据服务 / 未融资 / 50-150人","“五险一金,大小周,包午餐,季度出游”",1、参与Android和IOS项目的设计、开发， 优化APP的模块结构、流程、逻辑、性能；2、遵守开发流程，确保分派的任务高质量按时交付；3、熟悉跨平台开发，有过相关方面的项目经验优先；,1、本科及以上学历，计算机相关专业；2、有3年或以上Android和IOS产品开发经验者优先；3、有扎实的java语言基础，掌握常见的数据结构和算法；, / 本科,赶集网
带薪年假,android开发工程师,深圳湾,17:45发布,13k-25k,移动开发,巴菲尔生物技术服务有限公司,"“发展空间大,晋升通道宽,绩效激励,周末双休”",1、参与Android和IOS项目的设计、开发， 优化APP的模块结构、流程、逻辑、性能；2、遵守开发流程，确保分派的任务高质量按时交付；3、熟悉跨平台开发，有过相关方面的项目经验优先；,1、本科及以上学历，计算机相关专业；2、有3年或以上Android和IOS产品开发经验者优先；3、有扎实的java语言基础，掌握常见的数据结构和算法；, / 本科,赶集网
游戏,运维工程师,广州・天河公…,2天前发布,10k-15k,运维,巴菲尔生物技术服务有限公司,"“一对一导师,免费下午茶,S级薪酬”",1、参与公司产品微信小程序的研发；2、负责与产品设计师沟通协调，完整还原设计方案；3、负责实现网站页面特效、JS效果；4、跟踪最新的前端技术和标准，持续优化，改善用户体验，以及各项性能的调优等。,1、熟悉JavaScript，ActionScript3，TypeScript三种语言中其中之一。;2、熟悉egret或laya引擎优先;3、有过HTML5游戏开发经验者优先;4、具备扎实的编程基础和团队协作精神;, / 本科,赶集网
地图,运维工程师,深圳・宝安区,11:47发布,6k-12k,运维,嘉配科技有限公司,"“福利好,发展大,移动端”",1、参与公司产品微信小程序的研发；2、负责与产品设计师沟通协调，完整还原设计方案；3、负责实现网站页面特效、JS效果；4、跟踪最新的前端技术和标准，持续优化，改善用户体验，以及各项性能的调优等。,1、熟悉JavaScript，ActionScript3，TypeScript三种语言中其中之一。;2、熟悉egret或laya引擎优先;3、有过HTML5游戏开发经验者优先;4、具备扎实的编程基础和团队协作精神;, / 本科,赶集网
游戏,运维工程师,广州・天河区,1天前发布,4k-8k,运维,巴菲尔生物技术服务有限公司,"“手游,新项目,项目奖金”",1、参与公司产品微信小程序的研发；2、负责与产品设计师沟通协调，完整还原设计方案；3、负责实现网站页面特效、JS效果；4、跟踪最新的前端技术和标准，持续优化，改善用户体验，以及各项性能的调优等。,1、熟悉JavaScript，ActionScript3，TypeScript三种语言中其中之一。;2、熟悉egret或laya引擎优先;3、有过HTML5游戏开发经验者优先;4、具备扎实的编程基础和团队协作精神;, / 本科,赶集网
CSS,运维开发工程师,西安・沣惠南…,43406,4k-5k,运维,易谷网络科技股份有限公司,“互联网”,1、负责公司H5游戏的开发工作； 2、配合后端及策划实现产品功能； 3、把握前端页面性能和提升用户交互体验,1、计算机相关专业，19年毕业的本科生、研究生同学；保证至少3个月实习时间，每周至少3天工作时间。；2、了解JavaScript/HTML5/CSS3等相关前端开发技术，掌握至少一种JS（如VueJS ／AngularJS/ReactJS等）框架；3、具有一定的移动端网页开发经验；4、对W3C标准发展保持持续关注，能主动跟进新技术发展动态优先；, / 本科,赶集网
移动端,运维开发工程师,合肥・蜀山区,3天前发布,5k-10k,运维,易谷网络科技股份有限公司,"“人性化管理,发展机会,团队活动,薪资待遇”",1、参与公司产品微信小程序的研发；2、负责与产品设计师沟通协调，完整还原设计方案；3、负责实现网站页面特效、JS效果；4、跟踪最新的前端技术和标准，持续优化，改善用户体验，以及各项性能的调优等。,1、熟悉JavaScript，ActionScript3，TypeScript三种语言中其中之一。;2、熟悉egret或laya引擎优先;3、有过HTML5游戏开发经验者优先;4、具备扎实的编程基础和团队协作精神;, / 本科,赶集网
岗位晋升,运维开发工程师,南宁・兴宁区,43403,3k-5k,运维,燃灯教育科技有限公司/ D轮及以上 / 150-500人,“创业团队，前景乐观，五险一金。”,1、参与公司产品微信小程序的研发；2、负责与产品设计师沟通协调，完整还原设计方案；3、负责实现网站页面特效、JS效果；4、跟踪最新的前端技术和标准，持续优化，改善用户体验，以及各项性能的调优等。,1、熟悉JavaScript，ActionScript3，TypeScript三种语言中其中之一。;2、熟悉egret或laya引擎优先;3、有过HTML5游戏开发经验者优先;4、具备扎实的编程基础和团队协作精神;, / 本科,赶集网
技能培训,运维开发工程师,佛山・顺德区,3天前发布,3k-6k,运维,"移动互联网,数据服务 / 未融资 / 15-50人",“良好的学习环境，待遇丰厚，有漂亮妹子”,1、负责公司H5游戏的开发工作； 2、配合后端及策划实现产品功能； 3、把握前端页面性能和提升用户交互体验,1、计算机相关专业，19年毕业的本科生、研究生同学；保证至少3个月实习时间，每周至少3天工作时间。；2、了解JavaScript/HTML5/CSS3等相关前端开发技术，掌握至少一种JS（如VueJS ／AngularJS/ReactJS等）框架；3、具有一定的移动端网页开发经验；4、对W3C标准发展保持持续关注，能主动跟进新技术发展动态优先；, / 本科,赶集网
HTML5,运维开发工程师,北京・北苑,2天前发布,10k-15k,运维,华奥星空体育产业联盟发展有限公司,“H5”,1、参与公司产品微信小程序的研发；2、负责与产品设计师沟通协调，完整还原设计方案；3、负责实现网站页面特效、JS效果；4、跟踪最新的前端技术和标准，持续优化，改善用户体验，以及各项性能的调优等。,1、熟悉JavaScript，ActionScript3，TypeScript三种语言中其中之一。;2、熟悉egret或laya引擎优先;3、有过HTML5游戏开发经验者优先;4、具备扎实的编程基础和团队协作精神;, / 本科,赶集网
游戏,H5游戏开发工程师,广州・棠下,1天前发布,10k-18k,移动开发,嘉配科技有限公司,"“六险一金,朝九晚双休,年假,旅游”",1、参与公司产品微信小程序的研发；2、负责与产品设计师沟通协调，完整还原设计方案；3、负责实现网站页面特效、JS效果；4、跟踪最新的前端技术和标准，持续优化，改善用户体验，以及各项性能的调优等。,1、熟悉JavaScript，ActionScript3，TypeScript三种语言中其中之一。;2、熟悉egret或laya引擎优先;3、有过HTML5游戏开发经验者优先;4、具备扎实的编程基础和团队协作精神;, / 本科,赶集网
移动端,【2019年校招】H5开发工程师,上海・长寿路,1天前发布,10k-15k,移动开发,青藤时代网络科技有限公司  ,"“朝阳行业,牛人多多,氛围简单,阿姨做饭”",1、参与公司产品微信小程序的研发；2、负责与产品设计师沟通协调，完整还原设计方案；3、负责实现网站页面特效、JS效果；4、跟踪最新的前端技术和标准，持续优化，改善用户体验，以及各项性能的调优等。,1、熟悉JavaScript，ActionScript3，TypeScript三种语言中其中之一。;2、熟悉egret或laya引擎优先;3、有过HTML5游戏开发经验者优先;4、具备扎实的编程基础和团队协作精神;, / 本科,智联网
移动端,H5前端实习生,广州・新港,1天前发布,2k-4k,前端开发,易谷网络科技股份有限公司,"“高成长性,腾讯投资,领先技术,转正机会”",1、参与公司产品微信小程序的研发；2、负责与产品设计师沟通协调，完整还原设计方案；3、负责实现网站页面特效、JS效果；4、跟踪最新的前端技术和标准，持续优化，改善用户体验，以及各项性能的调优等。,1、熟悉JavaScript，ActionScript3，TypeScript三种语言中其中之一。;2、熟悉egret或laya引擎优先;3、有过HTML5游戏开发经验者优先;4、具备扎实的编程基础和团队协作精神;, / 本科,智联网
游戏,web前端开发工程师（校招）,上海・莘庄,1天前发布,10k-18k,前端开发,巴菲尔生物技术服务有限公司,"“五险一金,弹性工作制,下午茶福利”",1、参与公司产品微信小程序的研发；2、负责与产品设计师沟通协调，完整还原设计方案；3、负责实现网站页面特效、JS效果；4、跟踪最新的前端技术和标准，持续优化，改善用户体验，以及各项性能的调优等。,1、熟悉JavaScript，ActionScript3，TypeScript三种语言中其中之一。;2、熟悉egret或laya引擎优先;3、有过HTML5游戏开发经验者优先;4、具备扎实的编程基础和团队协作精神;, / 本科,智联网
HTML5,h5网页开发实习生,深圳・科技园,1天前发布,3k-6k,前端开发,青藤时代网络科技有限公司  ,"“弹性工作制,下午茶,转正,晋升”",1、参与公司产品微信小程序的研发；2、负责与产品设计师沟通协调，完整还原设计方案；3、负责实现网站页面特效、JS效果；4、跟踪最新的前端技术和标准，持续优化，改善用户体验，以及各项性能的调优等。,1、熟悉JavaScript，ActionScript3，TypeScript三种语言中其中之一。;2、熟悉egret或laya引擎优先;3、有过HTML5游戏开发经验者优先;4、具备扎实的编程基础和团队协作精神;, / 本科,智联网
教育,2019届校招--Web前端开发工程师,广州・岭南,3点发布,5k-6k,前端开发,巴菲尔生物技术服务有限公司,“双休、加班有调休、定期活动、节假日福利等”,1、参与公司产品微信小程序的研发；2、负责与产品设计师沟通协调，完整还原设计方案；3、负责实现网站页面特效、JS效果；4、跟踪最新的前端技术和标准，持续优化，改善用户体验，以及各项性能的调优等。,1、熟悉JavaScript，ActionScript3，TypeScript三种语言中其中之一。;2、熟悉egret或laya引擎优先;3、有过HTML5游戏开发经验者优先;4、具备扎实的编程基础和团队协作精神;, / 本科,智联网
医疗健康,2019届校招--Web前端开发工程师,杭州・西湖区,3点发布,8k-12k,前端开发,巴菲尔生物技术服务有限公司,"“公司前景好,导师一对一,领导牛逼,扁平化管理”",1、web端页面的制作、开发和优化；2、编写静态和动态页面和交互、特效等功能的脚本程序；3、开发基于HTML5技术的可灵活定制、可扩展的前端UI组件；,1、本科或以上计算机相关专业；2、熟悉HTML/CSS/Javascript/jQuery/Ajax等前端开发技术和常用框架，一定的前端架构能力；3、熟悉http协议，了解php等后端语言，能够与后端同事配合完成工作；, / 本科,前程无忧
社交,Web前端开发工程师（19届）,北京・望京,16:07发布,12k-24k,前端开发,燃灯教育科技有限公司/ D轮及以上 / 150-500人,"“每日下午茶,舒适的环境,可爱的伙伴”",1、web端页面的制作、开发和优化；2、编写静态和动态页面和交互、特效等功能的脚本程序；3、开发基于HTML5技术的可灵活定制、可扩展的前端UI组件；,1、本科或以上计算机相关专业；2、熟悉HTML/CSS/Javascript/jQuery/Ajax等前端开发技术和常用框架，一定的前端架构能力；3、熟悉http协议，了解php等后端语言，能够与后端同事配合完成工作；, / 本科,拉勾网
移动互联网,软件开发-web前端开发方向,北京・望京,3天前发布,15k-20k,前端开发,华奥星空体育产业联盟发展有限公司,"“出海项目,行业大牛”",1、web端页面的制作、开发和优化；2、编写静态和动态页面和交互、特效等功能的脚本程序；3、开发基于HTML5技术的可灵活定制、可扩展的前端UI组件；,1、本科或以上计算机相关专业；2、熟悉HTML/CSS/Javascript/jQuery/Ajax等前端开发技术和常用框架，一定的前端架构能力；3、熟悉http协议，了解php等后端语言，能够与后端同事配合完成工作；, / 本科,拉勾网
游戏,Web前端开发工程师（2019校园招聘）,"广州,跑马场",3点发布,10k-13k,前端开发,青藤时代网络科技有限公司  ,"“上市公司,薪酬福利好,晋升空间大,有大神”",1、承担游戏平台前端搭建、前端模块的设计等开发工作；2、开展Web前端前沿技术的调研工作。,1、本科及以上学历，具有1年以上web前端开发经验；2、熟悉JavaScript/HTML/CSS相关技术，熟悉页面架构和布局；3、熟悉Angular/Typescript最新版本者优先；, / 本科,拉勾网
移动互联网,web前端开发实习生,"广州,天河区",15:46发布,2k-4k,前端开发,燃灯教育科技有限公司/ D轮及以上 / 150-500人,"“OKR考核,全栈式学习,成长空间大,弹性上班”",1、承担游戏平台前端搭建、前端模块的设计等开发工作；2、开展Web前端前沿技术的调研工作。,1、本科及以上学历，具有1年以上web前端开发经验；2、熟悉JavaScript/HTML/CSS相关技术，熟悉页面架构和布局；3、熟悉Angular/Typescript最新版本者优先；, / 本科,拉勾网
电商,Web前端工程师,"广州,客村",2天前发布,8k-15k,前端开发,巴菲尔生物技术服务有限公司,"“15天年假,国际化团队,零食饮料,扁平化管理”",1、承担游戏平台前端搭建、前端模块的设计等开发工作；2、开展Web前端前沿技术的调研工作。,1、本科及以上学历，具有1年以上web前端开发经验；2、熟悉JavaScript/HTML/CSS相关技术，熟悉页面架构和布局；3、熟悉Angular/Typescript最新版本者优先；, / 本科,拉勾网
Javascript,前端开发工程师,"广州,大石",1天前发布,4k-8k,前端开发,青藤时代网络科技有限公司  ,“网易大牛亲自带，技术型团队，成长机会多。”,1、承担游戏平台前端搭建、前端模块的设计等开发工作；2、开展Web前端前沿技术的调研工作。,1、本科及以上学历，具有1年以上web前端开发经验；2、熟悉JavaScript/HTML/CSS相关技术，熟悉页面架构和布局；3、熟悉Angular/Typescript最新版本者优先；, / 本科,拉勾网
前端开发,前端工程师（2019届）,"广州,天河区",17:10发布,6k-9k,前端开发,燃灯教育科技有限公司/ D轮及以上 / 150-500人,"“web前端,氛围上进,技术求极致,工作欢乐多”",1、web端页面的制作、开发和优化；2、编写静态和动态页面和交互、特效等功能的脚本程序；3、开发基于HTML5技术的可灵活定制、可扩展的前端UI组件；,1、本科或以上计算机相关专业；2、熟悉HTML/CSS/Javascript/jQuery/Ajax等前端开发技术和常用框架，一定的前端架构能力；3、熟悉http协议，了解php等后端语言，能够与后端同事配合完成工作；, / 本科,拉勾网
HTML,前端工程师,"广州,海珠区",3点发布,6k-10k,前端开发,青藤时代网络科技有限公司  ,"“技术氛围浓,前景好,福利活动多,办公环境好”",1、web端页面的制作、开发和优化；2、编写静态和动态页面和交互、特效等功能的脚本程序；3、开发基于HTML5技术的可灵活定制、可扩展的前端UI组件；,1、本科或以上计算机相关专业；2、熟悉HTML/CSS/Javascript/jQuery/Ajax等前端开发技术和常用框架，一定的前端架构能力；3、熟悉http协议，了解php等后端语言，能够与后端同事配合完成工作；, / 本科,拉勾网
游戏,前端开发工程师（2019届）,林和,3点发布,7k-10k,前端开发,燃灯教育科技有限公司/ D轮及以上 / 150-500人,"“六险一金,14薪,双休,成长空间大”",1、承担游戏平台前端搭建、前端模块的设计等开发工作；2、开展Web前端前沿技术的调研工作。,1、本科及以上学历，具有1年以上web前端开发经验；2、熟悉JavaScript/HTML/CSS相关技术，熟悉页面架构和布局；3、熟悉Angular/Typescript最新版本者优先；, / 本科,拉勾网
电商,前端工程师,广州大道南,3点发布,6k-10k,前端开发,华奥星空体育产业联盟发展有限公司,"“前景好,发展空间大,技术氛围浓,福利活动多”",1、承担游戏平台前端搭建、前端模块的设计等开发工作；2、开展Web前端前沿技术的调研工作。,1、本科及以上学历，具有1年以上web前端开发经验；2、熟悉JavaScript/HTML/CSS相关技术，熟悉页面架构和布局；3、熟悉Angular/Typescript最新版本者优先；, / 本科,拉勾网
社交,Web前端开发工程师（19届）,望京,16:07发布,12k-24k,前端开发,燃灯教育科技有限公司/ D轮及以上 / 150-500人,"“每日下午茶,舒适的环境,可爱的伙伴”",1、承担游戏平台前端搭建、前端模块的设计等开发工作；2、开展Web前端前沿技术的调研工作。,1、本科及以上学历，具有1年以上web前端开发经验；2、熟悉JavaScript/HTML/CSS相关技术，熟悉页面架构和布局；3、熟悉Angular/Typescript最新版本者优先；, / 本科,拉勾网
移动互联网,软件开发-web前端开发方向,望京,3天前发布,15k-20k,前端开发,青藤时代网络科技有限公司  ,"“出海项目,行业大牛”",1、承担游戏平台前端搭建、前端模块的设计等开发工作；2、开展Web前端前沿技术的调研工作。,1、本科及以上学历，具有1年以上web前端开发经验；2、熟悉JavaScript/HTML/CSS相关技术，熟悉页面架构和布局；3、熟悉Angular/Typescript最新版本者优先；, / 本科,拉勾网
免费班车,WEB前端开发,海淀区,09:58发布,4k-6k,前端开发,移动互联网 / 不需要融资 / 500-2000人,"“中科院导师,免费体检,年中体检,高温假”",1、承担游戏平台前端搭建、前端模块的设计等开发工作；2、开展Web前端前沿技术的调研工作。,1、本科及以上学历，具有1年以上web前端开发经验；2、熟悉JavaScript/HTML/CSS相关技术，熟悉页面架构和布局；3、熟悉Angular/Typescript最新版本者优先；, / 本科,拉勾网
HTML,Web前端开发工程师,深圳，苏州街,14:32发布,10k-20k,前端开发,青藤时代网络科技有限公司  ,"“六险一金,免费午餐,自由开放,纯技术团队”",1、承担游戏平台前端搭建、前端模块的设计等开发工作；2、开展Web前端前沿技术的调研工作。,1、本科及以上学历，具有1年以上web前端开发经验；2、熟悉JavaScript/HTML/CSS相关技术，熟悉页面架构和布局；3、熟悉Angular/Typescript最新版本者优先；, / 本科,拉勾网
节日礼物,【校招】Web前端开发工程师,深圳，东城区,10:40发布,12k-18k,前端开发,巴菲尔生物技术服务有限公司,"“大神带飞,六险一金,包午晚餐,出国旅行”",1、负责公司旗下的跨境自营电商网站研发。配合UI设计师和后端工程师高保真输出产品界面，和实现功能；2、持续优化前端页面性能，保证良好的用户体验和工程规范，轻微代码洁癖尤佳；3、需求繁多时能临阵不乱，给出符合用户体验兼顾工程规范的解决方案。,"1、统招大专及以上学历，计算机类、设计类专业背景优先；2、2年及以上专职Web前端开发经验，熟悉Web开发的各个流程；3、熟练掌握html4/html5、css2/css3,对结构、表现、行为分离，Web语义化等有深刻理解；4、扎实的前端开发基础，熟悉常用css设计模式，和面向对象JavaScript；", / 本科,拉勾网
HTML5,前端开发工程师,深圳，海淀区,18:26发布,15k-20k,前端开发,燃灯教育科技有限公司/ D轮及以上 / 150-500人,"“团队分享,导师制,出国团建,晋升空间”",1、负责公司旗下的跨境自营电商网站研发。配合UI设计师和后端工程师高保真输出产品界面，和实现功能；2、持续优化前端页面性能，保证良好的用户体验和工程规范，轻微代码洁癖尤佳；3、需求繁多时能临阵不乱，给出符合用户体验兼顾工程规范的解决方案。,"1、统招大专及以上学历，计算机类、设计类专业背景优先；2、2年及以上专职Web前端开发经验，熟悉Web开发的各个流程；3、熟练掌握html4/html5、css2/css3,对结构、表现、行为分离，Web语义化等有深刻理解；4、扎实的前端开发基础，熟悉常用css设计模式，和面向对象JavaScript；", / 本科,拉勾网
HTML,web前端开发工程师,深圳，亦庄,3点发布,6k-10k,前端开发,青藤时代网络科技有限公司  ,"“公司提供住,公司有食堂,13薪,年终奖”",1、负责公司旗下的跨境自营电商网站研发。配合UI设计师和后端工程师高保真输出产品界面，和实现功能；2、持续优化前端页面性能，保证良好的用户体验和工程规范，轻微代码洁癖尤佳；3、需求繁多时能临阵不乱，给出符合用户体验兼顾工程规范的解决方案。,"1、统招大专及以上学历，计算机类、设计类专业背景优先；2、2年及以上专职Web前端开发经验，熟悉Web开发的各个流程；3、熟练掌握html4/html5、css2/css3,对结构、表现、行为分离，Web语义化等有深刻理解；4、扎实的前端开发基础，熟悉常用css设计模式，和面向对象JavaScript；", / 本科,大街网
前端开发,web前端工程师,深圳，朝阳区,3天前发布,20k-35k,前端开发,"移动互联网,招聘 / 不需要融资 / 15-50人","“待遇好,不加班,大企业,双休”",1、负责公司旗下的跨境自营电商网站研发。配合UI设计师和后端工程师高保真输出产品界面，和实现功能；2、持续优化前端页面性能，保证良好的用户体验和工程规范，轻微代码洁癖尤佳；3、需求繁多时能临阵不乱，给出符合用户体验兼顾工程规范的解决方案。,"1、统招大专及以上学历，计算机类、设计类专业背景优先；2、2年及以上专职Web前端开发经验，熟悉Web开发的各个流程；3、熟练掌握html4/html5、css2/css3,对结构、表现、行为分离，Web语义化等有深刻理解；4、扎实的前端开发基础，熟悉常用css设计模式，和面向对象JavaScript；", / 本科,大街网
移动端,Android开发实习生,"广州,东圃",2018/10/23,8k-13k,移动开发,"移动互联网,企业服务 / 未融资 / 50-150人","“交通便利,公司氛围轻,弹性上班,高新”",1、根据项目需求，进行应用软件程序设计及开发维护工作；2、参与讨论软件模块功能、操作流程及界面布局等客户端设计；3、根据需求和分配的工作，完成程序的编码、调试、配置等工作。,"1、熟练使用Eclipse、Android SDK等开发工具,熟悉SDK制作；2、熟练掌握Android的API，理解Android的体系结构，掌握Android中界面绘制、后台运行、数据存储等的原理，熟悉XML、HTTP、TCP/IP协议,熟悉Android UI设计及网络传输；3、熟悉Java程序设计、Socket网络编程、面向对象化编程思想和设计模式；4、熟悉Android各个版本的特点、机型的适配、UI布局优化等；", / 本科,应届生求职网
证券/期货,Android开发实习生(面向19届毕业生),"广州,大新",2018/10/19,7k-13k,移动开发,巴菲尔生物技术服务有限公司,"“六险二金,高额绩效奖,双导师制,丰富培训”",1、根据项目需求，进行应用软件程序设计及开发维护工作；2、参与讨论软件模块功能、操作流程及界面布局等客户端设计；3、根据需求和分配的工作，完成程序的编码、调试、配置等工作。,"1、熟练使用Eclipse、Android SDK等开发工具,熟悉SDK制作；2、熟练掌握Android的API，理解Android的体系结构，掌握Android中界面绘制、后台运行、数据存储等的原理，熟悉XML、HTTP、TCP/IP协议,熟悉Android UI设计及网络传输；3、熟悉Java程序设计、Socket网络编程、面向对象化编程思想和设计模式；4、熟悉Android各个版本的特点、机型的适配、UI布局优化等；", / 本科,应届生求职网
,(校招)Android开发工程师,"广州,海珠区",2018/10/30,7k-12k,移动开发,游戏 / 不需要融资 / 150-500人,"“福利好,待遇优,团队强”",1、参与Android和IOS项目的设计、开发， 优化APP的模块结构、流程、逻辑、性能；2、遵守开发流程，确保分派的任务高质量按时交付；3、熟悉跨平台开发，有过相关方面的项目经验优先；,1、本科及以上学历，计算机相关专业；2、有3年或以上Android和IOS产品开发经验者优先；3、有扎实的java语言基础，掌握常见的数据结构和算法；, / 本科,智联招聘
发展上升型,Android开发工程师-2019秋招（招聘网站）,天河公园,1天前发布,13k-25k,移动开发,青藤时代网络科技有限公司  ,"“一对一导师,免费下午茶,S级薪酬”",1、参与Android和IOS项目的设计、开发， 优化APP的模块结构、流程、逻辑、性能；2、遵守开发流程，确保分派的任务高质量按时交付；3、熟悉跨平台开发，有过相关方面的项目经验优先；,1、本科及以上学历，计算机相关专业；2、有3年或以上Android和IOS产品开发经验者优先；3、有扎实的java语言基础，掌握常见的数据结构和算法；, / 本科,智联招聘
移动端,Android开发工程师,"广州,天河城",2018/10/30,10k-20k,移动开发,巴菲尔生物技术服务有限公司,“创业公司区块链项目”,1、参与Android和IOS项目的设计、开发， 优化APP的模块结构、流程、逻辑、性能；2、遵守开发流程，确保分派的任务高质量按时交付；3、熟悉跨平台开发，有过相关方面的项目经验优先；,1、本科及以上学历，计算机相关专业；2、有3年或以上Android和IOS产品开发经验者优先；3、有扎实的java语言基础，掌握常见的数据结构和算法；, / 本科,智联招聘
金融,Android开发工程师,"广州,珠江新城",2018/10/19,8k-10k,移动开发,游戏 / 不需要融资 / 150-500人,"“大牛多,成长快,包早午餐,周末双休”",1、负责公司手游平台SDK设计与开发工作;2、根据研发规范和项目流程编写SDK相关的技术和说明文档；3、负责手游SDK对接接入跟进、SDK适配和优化升级等工作；,1、熟悉Java语言，有良好的编码习惯，具有一定的移动端架构能力；2、熟悉Android平台开发，对UI开发以及多线程、网络、数据存储等较为熟悉；3、熟悉常见的第三方开源项目及其实现；4、熟悉Android Studio开发、亦可解决仍使用Eclipse/ADT开发的工程的问题；, / 本科,智联招聘
节日礼物,【校招】Web前端开发工程师,广州・岭南,2018/10/17,5k-6k,移动开发,青藤时代网络科技有限公司  ,“双休、加班有调休、定期活动、节假日福利等”,1、参与公司产品微信小程序的研发；2、负责与产品设计师沟通协调，完整还原设计方案；3、负责实现网站页面特效、JS效果；4、跟踪最新的前端技术和标准，持续优化，改善用户体验，以及各项性能的调优等。,1、熟悉JavaScript，ActionScript3，TypeScript三种语言中其中之一。;2、熟悉egret或laya引擎优先;3、有过HTML5游戏开发经验者优先;4、具备扎实的编程基础和团队协作精神;, / 本科,智联招聘
HTML5,前端开发工程师,广州・棠下,2018/10/29,6k-12k,移动开发,华奥星空体育产业联盟发展有限公司,"“H5,包餐,项目奖金,as3”",1、参与公司产品微信小程序的研发；2、负责与产品设计师沟通协调，完整还原设计方案；3、负责实现网站页面特效、JS效果；4、跟踪最新的前端技术和标准，持续优化，改善用户体验，以及各项性能的调优等。,1、熟悉JavaScript，ActionScript3，TypeScript三种语言中其中之一。;2、熟悉egret或laya引擎优先;3、有过HTML5游戏开发经验者优先;4、具备扎实的编程基础和团队协作精神;, / 本科,智联招聘
HTML,web前端开发工程师,"广州,天河公园",2天前发布,10k-15k,移动开发,华奥星空体育产业联盟发展有限公司,"“一对一导师,免费下午茶,S级薪酬”",1、参与公司产品微信小程序的研发；2、负责与产品设计师沟通协调，完整还原设计方案；3、负责实现网站页面特效、JS效果；4、跟踪最新的前端技术和标准，持续优化，改善用户体验，以及各项性能的调优等。,1、熟悉JavaScript，ActionScript3，TypeScript三种语言中其中之一。;2、熟悉egret或laya引擎优先;3、有过HTML5游戏开发经验者优先;4、具备扎实的编程基础和团队协作精神;, / 本科,智联招聘
前端开发,web前端工程师,"广州,天河区",1天前发布,4k-8k,移动开发,华奥星空体育产业联盟发展有限公司,"“手游,新项目,项目奖金”",1、负责公司H5游戏的开发工作； 2、配合后端及策划实现产品功能； 3、把握前端页面性能和提升用户交互体验,1、本科以上学历，计算机相关专业，有一年以上H5游戏开发经验；2、熟练使用Egret Engine、layabox、Cocos2d-html5、Cocos2d-js、QuarkJS、createJS等其中一种或多种引擎；3、熟悉 JavaScript/Jscript script/TypeScript/ActionScript语言，良好的OOP编程思想；4、熟悉 Cocos2d-html5、Cocos2d-js、QuarkJS、createJS、layabox 等 HTML5 框架 优先；, / 本科,智联招聘
大数据,前端工程师-校招,"广州,望京",16:07发布,12k-24k,前端开发,巴菲尔生物技术服务有限公司,"“每日下午茶,舒适的环境,可爱的伙伴”",1、web端页面的制作、开发和优化；2、编写静态和动态页面和交互、特效等功能的脚本程序；3、开发基于HTML5技术的可灵活定制、可扩展的前端UI组件；,1、本科或以上计算机相关专业；2、熟悉HTML/CSS/Javascript/jQuery/Ajax等前端开发技术和常用框架，一定的前端架构能力；3、熟悉http协议，了解php等后端语言，能够与后端同事配合完成工作；, / 本科,赶集网
前端开发,前端工程师（2019届）,北京・望京,3天前发布,15k-20k,前端开发,移动互联网 / 不需要融资 / 150-500人,"“出海项目,行业大牛”",1、web端页面的制作、开发和优化；2、编写静态和动态页面和交互、特效等功能的脚本程序；3、开发基于HTML5技术的可灵活定制、可扩展的前端UI组件；,1、本科或以上计算机相关专业；2、熟悉HTML/CSS/Javascript/jQuery/Ajax等前端开发技术和常用框架，一定的前端架构能力；3、熟悉http协议，了解php等后端语言，能够与后端同事配合完成工作；, / 本科,猎聘网
HTML,前端工程师,上海・南方商…,15:45发布,10k-13k,前端开发,移动互联网 / D轮及以上 / 2000人以上,"“5A办公室,公司氛围好,发展空间大,岗位晋升”",1、承担游戏平台前端搭建、前端模块的设计等开发工作；2、开展Web前端前沿技术的调研工作。,1、本科及以上学历，具有1年以上web前端开发经验；2、熟悉JavaScript/HTML/CSS相关技术，熟悉页面架构和布局；3、熟悉Angular/Typescript最新版本者优先；, / 本科,猎聘网
数字化开发,前端开发工程师,深圳・科技园,13:32发布,3k-5k,前端开发,青藤时代网络科技有限公司  ,“六险一金 绩效奖金 有人带 述职机制”,1、承担游戏平台前端搭建、前端模块的设计等开发工作；2、开展Web前端前沿技术的调研工作。,1、本科及以上学历，具有1年以上web前端开发经验；2、熟悉JavaScript/HTML/CSS相关技术，熟悉页面架构和布局；3、熟悉Angular/Typescript最新版本者优先；, / 本科,前程无忧
HTML,Web前端开发工程师,"广州,客村",2天前发布,8k-15k,前端开发,巴菲尔生物技术服务有限公司,"“15天年假,国际化团队,零食饮料,扁平化管理”",1、承担游戏平台前端搭建、前端模块的设计等开发工作；2、开展Web前端前沿技术的调研工作。,1、本科及以上学历，具有1年以上web前端开发经验；2、熟悉JavaScript/HTML/CSS相关技术，熟悉页面架构和布局；3、熟悉Angular/Typescript最新版本者优先；, / 本科,前程无忧
节日礼物,【校招】Web前端开发工程师,"广州,大石",1天前发布,4k-8k,前端开发,华奥星空体育产业联盟发展有限公司,“网易大牛亲自带，技术型团队，成长机会多。”,1、承担游戏平台前端搭建、前端模块的设计等开发工作；2、开展Web前端前沿技术的调研工作。,1、本科及以上学历，具有1年以上web前端开发经验；2、熟悉JavaScript/HTML/CSS相关技术，熟悉页面架构和布局；3、熟悉Angular/Typescript最新版本者优先；, / 本科,前程无忧
HTML5,前端开发工程师,"广州,天河区",17:10发布,6k-9k,前端开发,"移动互联网,信息安全 / 不需要融资 / 15-50人","“web前端,氛围上进,技术求极致,工作欢乐多”",1、web端页面的制作、开发和优化；2、编写静态和动态页面和交互、特效等功能的脚本程序；3、开发基于HTML5技术的可灵活定制、可扩展的前端UI组件；,1、本科或以上计算机相关专业；2、熟悉HTML/CSS/Javascript/jQuery/Ajax等前端开发技术和常用框架，一定的前端架构能力；3、熟悉http协议，了解php等后端语言，能够与后端同事配合完成工作；, / 本科,拉勾网
HTML,web前端开发工程师,"广州,海珠区",2018/11/1,6k-10k,前端开发,"移动互联网,电子商务 / 不需要融资 / 50-150人","“技术氛围浓,前景好,福利活动多,办公环境好”",1、web端页面的制作、开发和优化；2、编写静态和动态页面和交互、特效等功能的脚本程序；3、开发基于HTML5技术的可灵活定制、可扩展的前端UI组件；,1、本科或以上计算机相关专业；2、熟悉HTML/CSS/Javascript/jQuery/Ajax等前端开发技术和常用框架，一定的前端架构能力；3、熟悉http协议，了解php等后端语言，能够与后端同事配合完成工作；, / 本科,拉勾网
移动互联网,人人事业部-Chime-前端开发工程师,南洲,2018/11/1,6k-10k,前端开发,青藤时代网络科技有限公司  ,"“技术氛围浓,办公环境好,前景好,活动福利多”",1、web端页面的制作、开发和优化；2、编写静态和动态页面和交互、特效等功能的脚本程序；3、开发基于HTML5技术的可灵活定制、可扩展的前端UI组件；,1、本科或以上计算机相关专业；2、熟悉HTML/CSS/Javascript/jQuery/Ajax等前端开发技术和常用框架，一定的前端架构能力；3、熟悉http协议，了解php等后端语言，能够与后端同事配合完成工作；, / 本科,拉勾网
绩效奖金,web前端应届毕业生,林和,2018/11/1,7k-10k,前端开发,青藤时代网络科技有限公司  ,"“六险一金,14薪,双休,成长空间大”",1、承担游戏平台前端搭建、前端模块的设计等开发工作；2、开展Web前端前沿技术的调研工作。,1、本科及以上学历，具有1年以上web前端开发经验；2、熟悉JavaScript/HTML/CSS相关技术，熟悉页面架构和布局；3、熟悉Angular/Typescript最新版本者优先；, / 本科,拉勾网
前端开发,WEB前端工程师,广州大道南,2018/11/1,6k-10k,西洋汇,电子商务 / 不需要融资 / 50-150人,"“前景好,发展空间大,技术氛围浓,福利活动多”",1、承担游戏平台前端搭建、前端模块的设计等开发工作；2、开展Web前端前沿技术的调研工作。,1、本科及以上学历，具有1年以上web前端开发经验；2、熟悉JavaScript/HTML/CSS相关技术，熟悉页面架构和布局；3、熟悉Angular/Typescript最新版本者优先；, / 本科,拉勾网
视觉,视觉设计师,"广州,车陂",3天前发布,15k-20k,视觉设计,华奥星空体育产业联盟发展有限公司,"“出海项目,行业大牛”",1、承担游戏平台前端搭建、前端模块的设计等开发工作；2、开展Web前端前沿技术的调研工作。,1、本科及以上学历，具有1年以上web前端开发经验；2、熟悉JavaScript/HTML/CSS相关技术，熟悉页面架构和布局；3、熟悉Angular/Typescript最新版本者优先；, / 本科,热门招聘网
视觉,网页设计师,"广州,大沙",09:58发布,4k-6k,视觉设计,移动互联网 / 不需要融资 / 500-2000人,"“中科院导师,免费体检,年中体检,高温假”",1、承担游戏平台前端搭建、前端模块的设计等开发工作；2、开展Web前端前沿技术的调研工作。,1、本科及以上学历，具有1年以上web前端开发经验；2、熟悉JavaScript/HTML/CSS相关技术，熟悉页面架构和布局；3、熟悉Angular/Typescript最新版本者优先；, / 本科,热门招聘网
视觉,网页设计师,苏州街,14:32发布,10k-20k,视觉设计,巴菲尔生物技术服务有限公司,"“六险一金,免费午餐,自由开放,纯技术团队”",1、承担游戏平台前端搭建、前端模块的设计等开发工作；2、开展Web前端前沿技术的调研工作。,1、本科及以上学历，具有1年以上web前端开发经验；2、熟悉JavaScript/HTML/CSS相关技术，熟悉页面架构和布局；3、熟悉Angular/Typescript最新版本者优先；, / 本科,热门招聘网
视觉,高薪招聘网页设计师,朝阳区,3天前发布,20k-35k,视觉设计,"移动互联网,招聘 / 不需要融资 / 15-50人","“待遇好,不加班,大企业,双休”",1、负责公司旗下的跨境自营电商网站研发。配合UI设计师和后端工程师高保真输出产品界面，和实现功能；2、持续优化前端页面性能，保证良好的用户体验和工程规范，轻微代码洁癖尤佳；3、需求繁多时能临阵不乱，给出符合用户体验兼顾工程规范的解决方案。,"1、统招大专及以上学历，计算机类、设计类专业背景优先；2、2年及以上专职Web前端开发经验，熟悉Web开发的各个流程；3、熟练掌握html4/html5、css2/css3,对结构、表现、行为分离，Web语义化等有深刻理解；4、扎实的前端开发基础，熟悉常用css设计模式，和面向对象JavaScript；", / 本科,热门招聘网
视觉,视觉设计师,朝阳区,09:20发布,12k-20k,视觉设计,华奥星空体育产业联盟发展有限公司,“海外项目”,1、负责公司旗下的跨境自营电商网站研发。配合UI设计师和后端工程师高保真输出产品界面，和实现功能；2、持续优化前端页面性能，保证良好的用户体验和工程规范，轻微代码洁癖尤佳；3、需求繁多时能临阵不乱，给出符合用户体验兼顾工程规范的解决方案。,"1、统招大专及以上学历，计算机类、设计类专业背景优先；2、2年及以上专职Web前端开发经验，熟悉Web开发的各个流程；3、熟练掌握html4/html5、css2/css3,对结构、表现、行为分离，Web语义化等有深刻理解；4、扎实的前端开发基础，熟悉常用css设计模式，和面向对象JavaScript；", / 本科,热门招聘网
视觉,网站美工/网页设计师,朝外,17:24发布,10k-12k,视觉设计,"旅游,生活服务 / B轮 / 500-2000人","“周末双休,五险一金,年终奖金,晋升通道”",1、负责公司旗下的跨境自营电商网站研发。配合UI设计师和后端工程师高保真输出产品界面，和实现功能；2、持续优化前端页面性能，保证良好的用户体验和工程规范，轻微代码洁癖尤佳；3、需求繁多时能临阵不乱，给出符合用户体验兼顾工程规范的解决方案。,"1、统招大专及以上学历，计算机类、设计类专业背景优先；2、2年及以上专职Web前端开发经验，熟悉Web开发的各个流程；3、熟练掌握html4/html5、css2/css3,对结构、表现、行为分离，Web语义化等有深刻理解；4、扎实的前端开发基础，熟悉常用css设计模式，和面向对象JavaScript；", / 本科,热门招聘网
视觉,网页设计/美工,清河,2018/10/30,8k-15k,视觉设计,青藤时代网络科技有限公司  ,"“扁平管理,福利完善,行业领先,氛围轻松”",1、负责公司旗下的跨境自营电商网站研发。配合UI设计师和后端工程师高保真输出产品界面，和实现功能；2、持续优化前端页面性能，保证良好的用户体验和工程规范，轻微代码洁癖尤佳；3、需求繁多时能临阵不乱，给出符合用户体验兼顾工程规范的解决方案。,"1、统招大专及以上学历，计算机类、设计类专业背景优先；2、2年及以上专职Web前端开发经验，熟悉Web开发的各个流程；3、熟练掌握html4/html5、css2/css3,对结构、表现、行为分离，Web语义化等有深刻理解；4、扎实的前端开发基础，熟悉常用css设计模式，和面向对象JavaScript；", / 本科,热门招聘网
视觉,视觉设计师,上地,08:21发布,6K-8K,视觉设计,教育 / 未融资 / 2000人以上,“五险一金”,1、负责公司旗下的跨境自营电商网站研发。配合UI设计师和后端工程师高保真输出产品界面，和实现功能；2、持续优化前端页面性能，保证良好的用户体验和工程规范，轻微代码洁癖尤佳；3、需求繁多时能临阵不乱，给出符合用户体验兼顾工程规范的解决方案。,"1、统招大专及以上学历，计算机类、设计类专业背景优先；2、2年及以上专职Web前端开发经验，熟悉Web开发的各个流程；3、熟练掌握html4/html5、css2/css3,对结构、表现、行为分离，Web语义化等有深刻理解；4、扎实的前端开发基础，熟悉常用css设计模式，和面向对象JavaScript；", / 本科,热门招聘网
视觉,网页/视觉设计师,团结湖,2018/10/29,7k-12k,视觉设计,华奥星空体育产业联盟发展有限公司,"“扁平管理,五险一金,水果零食,弹性工作”",1、负责公司旗下的跨境自营电商网站研发。配合UI设计师和后端工程师高保真输出产品界面，和实现功能；2、持续优化前端页面性能，保证良好的用户体验和工程规范，轻微代码洁癖尤佳；3、需求繁多时能临阵不乱，给出符合用户体验兼顾工程规范的解决方案。,"1、统招大专及以上学历，计算机类、设计类专业背景优先；2、2年及以上专职Web前端开发经验，熟悉Web开发的各个流程；3、熟练掌握html4/html5、css2/css3,对结构、表现、行为分离，Web语义化等有深刻理解；4、扎实的前端开发基础，熟悉常用css设计模式，和面向对象JavaScript；", / 本科,热门招聘网
视觉,资深网页设计师,西三旗,43390,15k-25k,视觉设计,青藤时代网络科技有限公司  ,“新部门”,1、负责公司旗下的跨境自营电商网站研发。配合UI设计师和后端工程师高保真输出产品界面，和实现功能；2、持续优化前端页面性能，保证良好的用户体验和工程规范，轻微代码洁癖尤佳；3、需求繁多时能临阵不乱，给出符合用户体验兼顾工程规范的解决方案。,"1、统招大专及以上学历，计算机类、设计类专业背景优先；2、2年及以上专职Web前端开发经验，熟悉Web开发的各个流程；3、熟练掌握html4/html5、css2/css3,对结构、表现、行为分离，Web语义化等有深刻理解；4、扎实的前端开发基础，熟悉常用css设计模式，和面向对象JavaScript；", / 本科,热门招聘网
视觉,视觉设计师,海淀区,10:39发布,10k-20k,视觉设计,华奥星空体育产业联盟发展有限公司,"“技术大牛,专业培训,行业前景好”",1、负责公司旗下的跨境自营电商网站研发。配合UI设计师和后端工程师高保真输出产品界面，和实现功能；2、持续优化前端页面性能，保证良好的用户体验和工程规范，轻微代码洁癖尤佳；3、需求繁多时能临阵不乱，给出符合用户体验兼顾工程规范的解决方案。,"1、统招大专及以上学历，计算机类、设计类专业背景优先；2、2年及以上专职Web前端开发经验，熟悉Web开发的各个流程；3、熟练掌握html4/html5、css2/css3,对结构、表现、行为分离，Web语义化等有深刻理解；4、扎实的前端开发基础，熟悉常用css设计模式，和面向对象JavaScript；", / 本科,热门招聘网
视觉,交互设计师,大学城,2天前发布,10k-15k,交互设计,青藤时代网络科技有限公司  ,"“五险一金,大数据AI,期权激励,扁平管理”",1、参与产品的规划和创意过程，深入业务需求，构建交互模型及模块功能设计；2、注重用户反馈，产品数据，设计行业趋势与发展，热衷于产品体验的创新研究和设计发展的应用与扩展；3、与整个视觉设计团队紧密配合，确保上线产品体验体验质量，协助达成产品和体验目标；,1、有桌面端和移动端交互设计经验优先，能熟练制作交互原型，流程及细节设计来表达创意 ；2、要求具备创新思维，善于做交互方式微创新，提高用户体验；3、逻辑思维清晰，具备自驱力，有长期和产品合作经验 ；, / 本科,拉勾网
视觉,交互设计师,"广州,车陂",2018/11/14,7k-12k,交互设计,青藤时代网络科技有限公司  ,"“团队优秀,环境舒适,项目提成,领域前沿”",1、参与产品的规划和创意过程，深入业务需求，构建交互模型及模块功能设计；2、注重用户反馈，产品数据，设计行业趋势与发展，热衷于产品体验的创新研究和设计发展的应用与扩展；3、与整个视觉设计团队紧密配合，确保上线产品体验体验质量，协助达成产品和体验目标；,"“团队优秀,环境舒适,项目提成,领域前沿”", / 本科,拉勾网
视觉,交互设计实习生,"广州,车陂",2天前发布,2k-4k,交互设计,华奥星空体育产业联盟发展有限公司,“大平台 福利好”,1、参与产品的规划和创意过程，深入业务需求，构建交互模型及模块功能设计；2、注重用户反馈，产品数据，设计行业趋势与发展，热衷于产品体验的创新研究和设计发展的应用与扩展；3、与整个视觉设计团队紧密配合，确保上线产品体验体验质量，协助达成产品和体验目标；,1、有桌面端和移动端交互设计经验优先，能熟练制作交互原型，流程及细节设计来表达创意 ；2、要求具备创新思维，善于做交互方式微创新，提高用户体验；3、逻辑思维清晰，具备自驱力，有长期和产品合作经验 ；, / 本科,拉勾网
视觉,00082-高级/资深交互设计师,"广州,车陂",2天前发布,12k-20k,交互设计,青藤时代网络科技有限公司  ,"“弹性工作,高速发展,扁平化管理,成长性强”",1、参与产品的规划和创意过程，深入业务需求，构建交互模型及模块功能设计；2、注重用户反馈，产品数据，设计行业趋势与发展，热衷于产品体验的创新研究和设计发展的应用与扩展；3、与整个视觉设计团队紧密配合，确保上线产品体验体验质量，协助达成产品和体验目标；,"“弹性工作,高速发展,扁平化管理,成长性强”", / 本科,拉勾网
视觉,交互设计师,"广州,车陂",3天前发布,10k-20k,交互设计,华奥星空体育产业联盟发展有限公司,"“周末双休,五险一金,氛围好,年底双薪”",1、负责网易直播产品等的界面交互设计工作；2、成为孜孜不倦的思想家，不断优化用户体验是你永远的羁绊；3、成为作品的创造者，与视觉设计师/前端开发团队共同实现出你心中的乌托邦；4、成为走在常规主义大道上的创新者，设计符合用户行为习惯的原型功能；,"“周末双休,五险一金,氛围好,年底双薪”", / 本科,拉勾网
视觉,高级交互设计师,"广州,车陂",3天前发布,25k-45k,交互设计,青藤时代网络科技有限公司  ,"“弹性出勤,餐补住补,下午茶,年底双薪”",直播1、负责网易直播产品等的界面交互设计工作；2、成为孜孜不倦的思想家，不断优化用户体验是你永远的羁绊；3、成为作品的创造者，与视觉设计师/前端开发团队共同实现出你心中的乌托邦；4、成为走在常规主义大道上的创新者，设计符合用户行为习惯的原型功能；,1、有桌面端和移动端交互设计经验优先，能熟练制作交互原型，流程及细节设计来表达创意 ；2、要求具备创新思维，善于做交互方式微创新，提高用户体验；3、逻辑思维清晰，具备自驱力，有长期和产品合作经验 ；, / 本科,拉勾网
